{"cameraMode":{"drawMode":0,"name":"Shaded","section":"Shading Mode"},"sceneLighting":true,"audioPlay":false,"sceneViewState":{"m_AlwaysRefresh":false,"showFog":true,"showSkybox":true,"showFlares":true,"showImageEffects":true,"showParticleSystems":true,"showVisualEffectGraphs":true,"m_FxEnabled":true},"in2DMode":false,"pivot":{"x":-30.62061309814453,"y":2.121356964111328,"z":21.717823028564454},"rotation":{"x":0.014101492241024971,"y":0.4912513196468353,"z":0.00795355811715126,"w":-0.8708747029304504},"size":20.267133712768556,"orthographic":false}